[
  {
    "name": "Afghanistan",
    "code": "AF"
  },
  {
    "name": "Åland Islands",
    "code": "AX"
  },
  {
    "name": "Albania",
    "code": "AL"
  },
  {
    "name": "Algeria",
    "code": "DZ"
  },
  {
    "name": "American Samoa",
    "code": "AS"
  },
  {
    "name": "AndorrA",
    "code": "AD"
  },
  {
    "name": "Angola",
    "code": "AO"
  },
  {
    "name": "Anguilla",
    "code": "AI"
  },
  {
    "name": "Antarctica",
    "code": "AQ"
  },
  {
    "name": "Antigua and Barbuda",
    "code": "AG"
  },
  {
    "name": "Argentina",
    "code": "AR"
  },
  {
    "name": "Armenia",
    "code": "AM"
  },
  {
    "name": "Aruba",
    "code": "AW"
  },
  {
    "name": "Australia",
    "code": "AU",
    "filename": "australia",
    "regions": [
      {
        "name": "Australian Capital Territory",
        "code": "ACT"
      },
      {
        "name": "New South Wales",
        "code": "NSW"
      },
      {
        "name": "Northern Territory",
        "code": "NT"
      },
      {
        "name": "Queensland",
        "code": "QLD"
      },
      {
        "name": "South Australia",
        "code": "SA"
      },
      {
        "name": "Tasmania",
        "code": "TAS"
      },
      {
        "name": "Victoria",
        "code": "VIC"
      },
      {
        "name": "Western Australia",
        "code": "WA"
      }
    ]
  },
  {
    "name": "Austria",
    "code": "AT"
  },
  {
    "name": "Azerbaijan",
    "code": "AZ"
  },
  {
    "name": "Bahamas",
    "code": "BS"
  },
  {
    "name": "Bahrain",
    "code": "BH"
  },
  {
    "name": "Bangladesh",
    "code": "BD"
  },
  {
    "name": "Barbados",
    "code": "BB"
  },
  {
    "name": "Belarus",
    "code": "BY"
  },
  {
    "name": "Belgium",
    "code": "BE"
  },
  {
    "name": "Belize",
    "code": "BZ"
  },
  {
    "name": "Benin",
    "code": "BJ"
  },
  {
    "name": "Bermuda",
    "code": "BM"
  },
  {
    "name": "Bhutan",
    "code": "BT"
  },
  {
    "name": "Bolivia",
    "code": "BO"
  },
  {
    "name": "Bosnia and Herzegovina",
    "code": "BA"
  },
  {
    "name": "Botswana",
    "code": "BW"
  },
  {
    "name": "Bouvet Island",
    "code": "BV"
  },
  {
    "name": "Brazil",
    "code": "BR",
    "filename": "brazil",
    "regions": [
      {
        "name": "Acre",
        "code": "AC"
      },
      {
        "name": "Alagoas",
        "code": "AL"
      },
      {
        "name": "Amap&aacute;",
        "code": "AP"
      },
      {
        "name": "Amazonas",
        "code": "AM"
      },
      {
        "name": "Bahia",
        "code": "BA"
      },
      {
        "name": "Cear&aacute;",
        "code": "CE"
      },
      {
        "name": "Distrito Federal",
        "code": "DF"
      },
      {
        "name": "Esp&iacute;rito Santo",
        "code": "ES"
      },
      {
        "name": "Goi&aacute;s",
        "code": "GO"
      },
      {
        "name": "Maranh&atilde;o",
        "code": "MA"
      },
      {
        "name": "Mato Grosso",
        "code": "MT"
      },
      {
        "name": "Mato Grosso do Sul",
        "code": "MS"
      },
      {
        "name": "Minas Gerais",
        "code": "MG"
      },
      {
        "name": "Par&aacute;",
        "code": "PA"
      },
      {
        "name": "Para&iacute;ba",
        "code": "PB"
      },
      {
        "name": "Paran&aacute;",
        "code": "PR"
      },
      {
        "name": "Pernambuco",
        "code": "PE"
      },
      {
        "name": "Piau&iacute;",
        "code": "PI"
      },
      {
        "name": "Rio de Janeiro",
        "code": "RJ"
      },
      {
        "name": "Rio Grande do Norte",
        "code": "RN"
      },
      {
        "name": "Rio Grande do Sul",
        "code": "RS"
      },
      {
        "name": "Rond&ocirc;nia",
        "code": "RO"
      },
      {
        "name": "Roraima",
        "code": "RR"
      },
      {
        "name": "Santa Catarina",
        "code": "SC"
      },
      {
        "name": "S&atilde;o Paulo",
        "code": "SP"
      },
      {
        "name": "Sergipe",
        "code": "SE"
      },
      {
        "name": "Tocantins",
        "code": "TO"
      }
    ]
  },
  {
    "name": "British Indian Ocean Territory",
    "code": "IO"
  },
  {
    "name": "Brunei Darussalam",
    "code": "BN"
  },
  {
    "name": "Bulgaria",
    "code": "BG"
  },
  {
    "name": "Burkina Faso",
    "code": "BF"
  },
  {
    "name": "Burundi",
    "code": "BI"
  },
  {
    "name": "Cambodia",
    "code": "KH"
  },
  {
    "name": "Cameroon",
    "code": "CM"
  },
  {
    "name": "Canada",
    "code": "CA",
    "filename": "canada",
    "regions": [
      {
        "name": "Alberta",
        "code": "AB"
      },
      {
        "name": "British Columbia",
        "code": "BC"
      },
      {
        "name": "Manitoba",
        "code": "MB"
      },
      {
        "name": "New Brunswick",
        "code": "NB"
      },
      {
        "name": "Newfoundland and Labrador",
        "code": "NL"
      },
      {
        "name": "Nova Scotia",
        "code": "NS"
      },
      {
        "name": "Northwest Territories",
        "code": "NT"
      },
      {
        "name": "Nunavut",
        "code": "NU"
      },
      {
        "name": "Ontario",
        "code": "ON"
      },
      {
        "name": "Prince Edward Island",
        "code": "PE"
      },
      {
        "name": "Quebec",
        "code": "QC"
      },
      {
        "name": "Saskatchewan",
        "code": "SK"
      },
      {
        "name": "Yukon",
        "code": "YT"
      }
    ]
  },
  {
    "name": "Cape Verde",
    "code": "CV"
  },
  {
    "name": "Cayman Islands",
    "code": "KY"
  },
  {
    "name": "Central African Republic",
    "code": "CF"
  },
  {
    "name": "Chad",
    "code": "TD"
  },
  {
    "name": "Chile",
    "code": "CL"
  },
  {
    "name": "China",
    "code": "CN",
    "filename": "china",
    "regions": [
      {
        "name": "Yunnan / &#20113;&#21335;",
        "code": "CN1"
      },
      {
        "name": "Beijing / &#21271;&#20140;",
        "code": "CN2"
      },
      {
        "name": "Tianjin / &#22825;&#27941;",
        "code": "CN3"
      },
      {
        "name": "Hebei / &#27827;&#21271;",
        "code": "CN4"
      },
      {
        "name": "Shanxi / &#23665;&#35199;",
        "code": "CN5"
      },
      {
        "name": "Inner Mongolia / &#20839;&#33945;&#21476;",
        "code": "CN6"
      },
      {
        "name": "Liaoning / &#36797;&#23425;",
        "code": "CN7"
      },
      {
        "name": "Jilin / &#21513;&#26519;",
        "code": "CN8"
      },
      {
        "name": "Heilongjiang / &#40657;&#40857;&#27743;",
        "code": "CN9"
      },
      {
        "name": "Shanghai / &#19978;&#28023;",
        "code": "CN10"
      },
      {
        "name": "Jiangsu / &#27743;&#33487;",
        "code": "CN11"
      },
      {
        "name": "Zhejiang / &#27993;&#27743;",
        "code": "CN12"
      },
      {
        "name": "Anhui / &#23433;&#24509;",
        "code": "CN13"
      },
      {
        "name": "Fujian / &#31119;&#24314;",
        "code": "CN14"
      },
      {
        "name": "Jiangxi / &#27743;&#35199;",
        "code": "CN15"
      },
      {
        "name": "Shandong / &#23665;&#19996;",
        "code": "CN16"
      },
      {
        "name": "Henan / &#27827;&#21335;",
        "code": "CN17"
      },
      {
        "name": "Hubei / &#28246;&#21271;",
        "code": "CN18"
      },
      {
        "name": "Hunan / &#28246;&#21335;",
        "code": "CN19"
      },
      {
        "name": "Guangdong / &#24191;&#19996;",
        "code": "CN20"
      },
      {
        "name": "Guangxi Zhuang / &#24191;&#35199;&#22766;&#26063;",
        "code": "CN21"
      },
      {
        "name": "Hainan / &#28023;&#21335;",
        "code": "CN22"
      },
      {
        "name": "Chongqing / &#37325;&#24198;",
        "code": "CN23"
      },
      {
        "name": "Sichuan / &#22235;&#24029;",
        "code": "CN24"
      },
      {
        "name": "Guizhou / &#36149;&#24030;",
        "code": "CN25"
      },
      {
        "name": "Shaanxi / &#38485;&#35199;",
        "code": "CN26"
      },
      {
        "name": "Gansu / &#29976;&#32899;",
        "code": "CN27"
      },
      {
        "name": "Qinghai / &#38738;&#28023;",
        "code": "CN28"
      },
      {
        "name": "Ningxia Hui / &#23425;&#22799;",
        "code": "CN29"
      },
      {
        "name": "Macau / &#28595;&#38376;",
        "code": "CN30"
      },
      {
        "name": "Tibet / &#35199;&#34255;",
        "code": "CN31"
      },
      {
        "name": "Xinjiang / &#26032;&#30086;",
        "code": "CN32"
      }
    ]
  },
  {
    "name": "Christmas Island",
    "code": "CX"
  },
  {
    "name": "Cocos (Keeling) Islands",
    "code": "CC"
  },
  {
    "name": "Colombia",
    "code": "CO"
  },
  {
    "name": "Comoros",
    "code": "KM"
  },
  {
    "name": "Congo",
    "code": "CG"
  },
  {
    "name": "Congo, The Democratic Republic of the",
    "code": "CD"
  },
  {
    "name": "Cook Islands",
    "code": "CK"
  },
  {
    "name": "Costa Rica",
    "code": "CR"
  },
  {
    "name": "Cote D\"Ivoire",
    "code": "CI"
  },
  {
    "name": "Croatia",
    "code": "HR"
  },
  {
    "name": "Cuba",
    "code": "CU"
  },
  {
    "name": "Cyprus",
    "code": "CY"
  },
  {
    "name": "Czech Republic",
    "code": "CZ"
  },
  {
    "name": "Denmark",
    "code": "DK"
  },
  {
    "name": "Djibouti",
    "code": "DJ"
  },
  {
    "name": "Dominica",
    "code": "DM"
  },
  {
    "name": "Dominican Republic",
    "code": "DO"
  },
  {
    "name": "Ecuador",
    "code": "EC"
  },
  {
    "name": "Egypt",
    "code": "EG"
  },
  {
    "name": "El Salvador",
    "code": "SV"
  },
  {
    "name": "Equatorial Guinea",
    "code": "GQ"
  },
  {
    "name": "Eritrea",
    "code": "ER"
  },
  {
    "name": "Estonia",
    "code": "EE"
  },
  {
    "name": "Ethiopia",
    "code": "ET"
  },
  {
    "name": "Falkland Islands (Malvinas)",
    "code": "FK"
  },
  {
    "name": "Faroe Islands",
    "code": "FO"
  },
  {
    "name": "Fiji",
    "code": "FJ"
  },
  {
    "name": "Finland",
    "code": "FI"
  },
  {
    "name": "France",
    "code": "FR",
    "filename": "france",
    "regions": [
      {
        "name": "Ain",
        "code": "FR-AI"
      },
      {
        "name": "Aisne",
        "code": "FR-AS"
      },
      {
        "name": "Allier",
        "code": "FR-AL"
      },
      {
        "name": "Alpes-de-Haute-Provence",
        "code": "FR-AP"
      },
      {
        "name": "Alpes-Maritimes",
        "code": "FR-AM"
      },
      {
        "name": "Ardèche",
        "code": "FR-AH"
      },
      {
        "name": "Ardennes",
        "code": "FR-AN"
      },
      {
        "name": "Ariège",
        "code": "FR-AG"
      },
      {
        "name": "Aube",
        "code": "FR-AB"
      },
      {
        "name": "Aude",
        "code": "FR-AD"
      },
      {
        "name": "Aveyron",
        "code": "FR-AV"
      },
      {
        "name": "Bas-Rhin",
        "code": "FR-BR"
      },
      {
        "name": "Bouches-du-Rhône",
        "code": "FR-BD"
      },
      {
        "name": "Calvados",
        "code": "FR-CV"
      },
      {
        "name": "Cantal",
        "code": "FR-CL"
      },
      {
        "name": "Charente",
        "code": "FR-CT"
      },
      {
        "name": "Charente-Maritime",
        "code": "FR-CM"
      },
      {
        "name": "Cher",
        "code": "FR-CH"
      },
      {
        "name": "Corrèze",
        "code": "FR-CZ"
      },
      {
        "name": "Corse-du-Sud",
        "code": "FR-CS"
      },
      {
        "name": "Côte-d'Or",
        "code": "FR-CO"
      },
      {
        "name": "Côtes-d'Armor",
        "code": "FR-CA"
      },
      {
        "name": "Creuse",
        "code": "FR-CR"
      },
      {
        "name": "Deux-Sèvres",
        "code": "FR-DS"
      },
      {
        "name": "Dordogne",
        "code": "FR-DD"
      },
      {
        "name": "Doubs",
        "code": "FR-DB"
      },
      {
        "name": "Drôme",
        "code": "FR-DM"
      },
      {
        "name": "Essonne",
        "code": "FR-ES"
      },
      {
        "name": "Eure",
        "code": "FR-EU"
      },
      {
        "name": "Eure-et-Loir",
        "code": "FR-EL"
      },
      {
        "name": "Finistère",
        "code": "FR-FI"
      },
      {
        "name": "Gard",
        "code": "FR-GA"
      },
      {
        "name": "Gers",
        "code": "FR-GE"
      },
      {
        "name": "Gironde",
        "code": "FR-GI"
      },
      {
        "name": "Haute-Corse",
        "code": "FR-HC"
      },
      {
        "name": "Haute-Garonne",
        "code": "FR-HG"
      },
      {
        "name": "Haute-Loire",
        "code": "FR-HL"
      },
      {
        "name": "Haute-Marne",
        "code": "FR-HM"
      },
      {
        "name": "Hautes-Alpes",
        "code": "FR-HA"
      },
      {
        "name": "Haute-Saône",
        "code": "FR-HN"
      },
      {
        "name": "Haute-Savoie",
        "code": "FR-HS"
      },
      {
        "name": "Hautes-Pyrénées",
        "code": "FR-HP"
      },
      {
        "name": "Haute-Vienne",
        "code": "FR-HV"
      },
      {
        "name": "Haut-Rhin",
        "code": "FR-HR"
      },
      {
        "name": "Hauts-de-Seine",
        "code": "FR-HD"
      },
      {
        "name": "Hérault",
        "code": "FR-HE"
      },
      {
        "name": "Ille-et-Vilaine",
        "code": "FR-IV"
      },
      {
        "name": "Indre",
        "code": "FR-IN"
      },
      {
        "name": "Indre-et-Loire",
        "code": "FR-IL"
      },
      {
        "name": "Isère",
        "code": "FR-IS"
      },
      {
        "name": "Jura",
        "code": "FR-JU"
      },
      {
        "name": "Landes",
        "code": "FR-LD"
      },
      {
        "name": "Loire",
        "code": "FR-LR"
      },
      {
        "name": "Loire-Atlantique",
        "code": "FR-LA"
      },
      {
        "name": "Loiret",
        "code": "FR-LT"
      },
      {
        "name": "Loir-et-Cher",
        "code": "FR-LC"
      },
      {
        "name": "Lot",
        "code": "FR-LO"
      },
      {
        "name": "Lot-et-Garonne",
        "code": "FR-LG"
      },
      {
        "name": "Lozère",
        "code": "FR-LZ"
      },
      {
        "name": "Maine-et-Loire",
        "code": "FR-ML"
      },
      {
        "name": "Manche",
        "code": "FR-MH"
      },
      {
        "name": "Marne",
        "code": "FR-MR"
      },
      {
        "name": "Mayenne",
        "code": "FR-MY"
      },
      {
        "name": "Meurthe-et-Moselle",
        "code": "FR-MM"
      },
      {
        "name": "Meuse",
        "code": "FR-MS"
      },
      {
        "name": "Morbihan",
        "code": "FR-MB"
      },
      {
        "name": "Moselle",
        "code": "FR-MO"
      },
      {
        "name": "Nièvre",
        "code": "FR-NI"
      },
      {
        "name": "Nord",
        "code": "FR-NO"
      },
      {
        "name": "Oise",
        "code": "FR-OI"
      },
      {
        "name": "Orne",
        "code": "FR-OR"
      },
      {
        "name": "Pas-de-Calais",
        "code": "FR-PC"
      },
      {
        "name": "Puy-de-Dôme",
        "code": "FR-PD"
      },
      {
        "name": "Pyrénées-Atlantiques",
        "code": "FR-PA"
      },
      {
        "name": "Pyrénées-Orientales",
        "code": "FR-PO"
      },
      {
        "name": "Rhône",
        "code": "FR-RH"
      },
      {
        "name": "Saône-et-Loire",
        "code": "FR-SL"
      },
      {
        "name": "Sarthe",
        "code": "FR-ST"
      },
      {
        "name": "Savoie",
        "code": "FR-SV"
      },
      {
        "name": "Seine-et-Marne",
        "code": "FR-SE"
      },
      {
        "name": "Seine-Maritime",
        "code": "FR-SM"
      },
      {
        "name": "Seine-Saint-Denis",
        "code": "FR-SS"
      },
      {
        "name": "Somme",
        "code": "FR-SO"
      },
      {
        "name": "Tarn",
        "code": "FR-TA"
      },
      {
        "name": "Tarn-et-Garonne",
        "code": "FR-TG"
      },
      {
        "name": "Territoire de Belfort",
        "code": "FR-TB"
      },
      {
        "name": "Val-de-Marne",
        "code": "FR-VM"
      },
      {
        "name": "Val-d'Oise",
        "code": "FR-VO"
      },
      {
        "name": "Var",
        "code": "FR-VR"
      },
      {
        "name": "Vaucluse",
        "code": "FR-VC"
      },
      {
        "name": "Vendée",
        "code": "FR-VD"
      },
      {
        "name": "Vienne",
        "code": "FR-VN"
      },
      {
        "name": "Ville de Paris",
        "code": "FR-VP"
      },
      {
        "name": "Vosges",
        "code": "FR-VG"
      },
      {
        "name": "Yonne",
        "code": "FR-YO"
      },
      {
        "name": "Yvelines",
        "code": "FR-YV"
      }
    ]
  },
  {
    "name": "French Guiana",
    "code": "GF"
  },
  {
    "name": "French Polynesia",
    "code": "PF"
  },
  {
    "name": "French Southern Territories",
    "code": "TF"
  },
  {
    "name": "Gabon",
    "code": "GA"
  },
  {
    "name": "Gambia",
    "code": "GM"
  },
  {
    "name": "Georgia",
    "code": "GE"
  },
  {
    "name": "Germany",
    "code": "DE",
    "filename": "germany",
    "regions": [
      {
        "name": "Baden-Wurttemberg",
        "code": "DE-BW"
      },
      {
        "name": "Bavaria",
        "code": "DE-BY"
      },
      {
        "name": "Berlin",
        "code": "DE-BE"
      },
      {
        "name": "Brandenburg",
        "code": "DE-BB"
      },
      {
        "name": "Bremen",
        "code": "DE-HB"
      },
      {
        "name": "Hamburg",
        "code": "DE-HH"
      },
      {
        "name": "Hesse",
        "code": "DE-HE"
      },
      {
        "name": "Lower Saxony",
        "code": "DE-NI"
      },
      {
        "name": "Mecklenburg-West Pomerania",
        "code": "DE-MV"
      },
      {
        "name": "North Rhine-Westphalia",
        "code": "DE-NW"
      },
      {
        "name": "Rhineland-Palatinate",
        "code": "DE-RP"
      },
      {
        "name": "Saarland",
        "code": "DE-SL"
      },
      {
        "name": "Saxony",
        "code": "DE-SN"
      },
      {
        "name": "Saxony-Anhalt",
        "code": "DE-ST"
      },
      {
        "name": "Schleswig-Holstein",
        "code": "DE-SH"
      },
      {
        "name": "Thuringia",
        "code": "DE-TH"
      }
    ]
  },
  {
    "name": "Ghana",
    "code": "GH"
  },
  {
    "name": "Gibraltar",
    "code": "GI"
  },
  {
    "name": "Greece",
    "code": "GR"
  },
  {
    "name": "Greenland",
    "code": "GL"
  },
  {
    "name": "Grenada",
    "code": "GD"
  },
  {
    "name": "Guadeloupe",
    "code": "GP"
  },
  {
    "name": "Guam",
    "code": "GU"
  },
  {
    "name": "Guatemala",
    "code": "GT"
  },
  {
    "name": "Guernsey",
    "code": "GG"
  },
  {
    "name": "Guinea",
    "code": "GN"
  },
  {
    "name": "Guinea-Bissau",
    "code": "GW"
  },
  {
    "name": "Guyana",
    "code": "GY"
  },
  {
    "name": "Haiti",
    "code": "HT"
  },
  {
    "name": "Heard Island and Mcdonald Islands",
    "code": "HM"
  },
  {
    "name": "Holy See (Vatican City State)",
    "code": "VA"
  },
  {
    "name": "Honduras",
    "code": "HN"
  },
  {
    "name": "Hong Kong",
    "code": "HK",
    "filename": "hong-kong",
    "regions": [
      {
        "name": "Hong Kong Island",
        "code": "HONG KONG"
      },
      {
        "name": "Kowloon",
        "code": "KOWLOON"
      },
      {
        "name": "New Territories",
        "code": "NEW TERRITORIES"
      }
    ]
  },
  {
    "name": "Hungary",
    "code": "HU",
    "filename": "hungary",
    "regions": [
      {
        "name": "Bács-Kiskun",
        "code": "BK"
      },
      {
        "name": "Békés",
        "code": "BE"
      },
      {
        "name": "Baranya",
        "code": "BA"
      },
      {
        "name": "Borsod-Abaúj-Zemplén",
        "code": "BZ"
      },
      {
        "name": "Budapest",
        "code": "BU"
      },
      {
        "name": "Csongrád",
        "code": "CS"
      },
      {
        "name": "Fejér",
        "code": "FE"
      },
      {
        "name": "Győr-Moson-Sopron",
        "code": "GS"
      },
      {
        "name": "Hajdú-Bihar",
        "code": "HB"
      },
      {
        "name": "Heves",
        "code": "HE"
      },
      {
        "name": "Jász-Nagykun-Szolnok",
        "code": "JN"
      },
      {
        "name": "Komárom-Esztergom",
        "code": "KE"
      },
      {
        "name": "Nógrád",
        "code": "NO"
      },
      {
        "name": "Pest",
        "code": "PE"
      },
      {
        "name": "Somogy",
        "code": "SO"
      },
      {
        "name": "Szabolcs-Szatmár-Bereg",
        "code": "SZ"
      },
      {
        "name": "Tolna",
        "code": "TO"
      },
      {
        "name": "Vas",
        "code": "VA"
      },
      {
        "name": "Veszprém",
        "code": "VE"
      },
      {
        "name": "Zala",
        "code": "ZA"
      }
    ]
  },
  {
    "name": "Iceland",
    "code": "IS"
  },
  {
    "name": "India",
    "code": "IN",
    "filename": "india",
    "regions": [
      {
        "name": "Andra Pradesh",
        "code": "AP"
      },
      {
        "name": "Arunachal Pradesh",
        "code": "AR"
      },
      {
        "name": "Assam",
        "code": "AS"
      },
      {
        "name": "Bihar",
        "code": "BR"
      },
      {
        "name": "Chhattisgarh",
        "code": "CT"
      },
      {
        "name": "Goa",
        "code": "GA"
      },
      {
        "name": "Gujarat",
        "code": "GJ"
      },
      {
        "name": "Haryana",
        "code": "HR"
      },
      {
        "name": "Himachal Pradesh",
        "code": "HP"
      },
      {
        "name": "Jammu and Kashmir",
        "code": "JK"
      },
      {
        "name": "Jharkhand",
        "code": "JH"
      },
      {
        "name": "Karnataka",
        "code": "KA"
      },
      {
        "name": "Kerala",
        "code": "KL"
      },
      {
        "name": "Madhya Pradesh",
        "code": "MP"
      },
      {
        "name": "Maharashtra",
        "code": "MH"
      },
      {
        "name": "Manipur",
        "code": "MN"
      },
      {
        "name": "Meghalaya",
        "code": "ML"
      },
      {
        "name": "Mizoram",
        "code": "MZ"
      },
      {
        "name": "Nagaland",
        "code": "NL"
      },
      {
        "name": "Odisha",
        "code": "OR"
      },
      {
        "name": "Punjab",
        "code": "PB"
      },
      {
        "name": "Rajasthan",
        "code": "RJ"
      },
      {
        "name": "Sikkim",
        "code": "SK"
      },
      {
        "name": "Tamil Nadu",
        "code": "TN"
      },
      {
        "name": "Telangana",
        "code": "TG"
      },
      {
        "name": "Tripura",
        "code": "TR"
      },
      {
        "name": "Uttarakhand",
        "code": "UT"
      },
      {
        "name": "Uttar Pradesh",
        "code": "UP"
      },
      {
        "name": "West Bengal",
        "code": "WB"
      },
      {
        "name": "Andaman and Nicobar Islands",
        "code": "AN"
      },
      {
        "name": "Chandigarh",
        "code": "CH"
      },
      {
        "name": "Dadar and Nagar Haveli",
        "code": "DN"
      },
      {
        "name": "Daman and Diu",
        "code": "DD"
      },
      {
        "name": "Delhi",
        "code": "DL"
      },
      {
        "name": "Lakshadeep",
        "code": "LD"
      },
      {
        "name": "Pondicherry (Puducherry)",
        "code": "PY"
      }
    ]
  },
  {
    "name": "Indonesia",
    "code": "ID",
    "filename": "indonesia",
    "regions": [
      {
        "name": "Daerah Istimewa Aceh",
        "code": "AC"
      },
      {
        "name": "Sumatera Utara",
        "code": "SU"
      },
      {
        "name": "Sumatera Barat",
        "code": "SB"
      },
      {
        "name": "Riau",
        "code": "RI"
      },
      {
        "name": "Kepulauan Riau",
        "code": "KR"
      },
      {
        "name": "Jambi",
        "code": "JA"
      },
      {
        "name": "Sumatera Selatan",
        "code": "SS"
      },
      {
        "name": "Bangka Belitung",
        "code": "BB"
      },
      {
        "name": "Bengkulu",
        "code": "BE"
      },
      {
        "name": "Lampung",
        "code": "LA"
      },
      {
        "name": "DKI Jakarta",
        "code": "JK"
      },
      {
        "name": "Jawa Barat",
        "code": "JB"
      },
      {
        "name": "Banten",
        "code": "BT"
      },
      {
        "name": "Jawa Tengah",
        "code": "JT"
      },
      {
        "name": "Jawa Timur",
        "code": "JI"
      },
      {
        "name": "Daerah Istimewa Yogyakarta",
        "code": "YO"
      },
      {
        "name": "Bali",
        "code": "BA"
      },
      {
        "name": "Nusa Tenggara Barat",
        "code": "NB"
      },
      {
        "name": "Nusa Tenggara Timur",
        "code": "NT"
      },
      {
        "name": "Kalimantan Barat",
        "code": "KB"
      },
      {
        "name": "Kalimantan Tengah",
        "code": "KT"
      },
      {
        "name": "Kalimantan Timur",
        "code": "KI"
      },
      {
        "name": "Kalimantan Selatan",
        "code": "KS"
      },
      {
        "name": "Kalimantan Utara",
        "code": "KU"
      },
      {
        "name": "Sulawesi Utara",
        "code": "SA"
      },
      {
        "name": "Sulawesi Tengah",
        "code": "ST"
      },
      {
        "name": "Sulawesi Tenggara",
        "code": "SG"
      },
      {
        "name": "Sulawesi Barat",
        "code": "SR"
      },
      {
        "name": "Sulawesi Selatan",
        "code": "SN"
      },
      {
        "name": "Gorontalo",
        "code": "GO"
      },
      {
        "name": "Maluku",
        "code": "MA"
      },
      {
        "name": "Maluku Utara",
        "code": "MU"
      },
      {
        "name": "Papua",
        "code": "PA"
      },
      {
        "name": "Papua Barat",
        "code": "PB"
      }
    ]
  },
  {
    "name": "Iran, Islamic Republic Of",
    "code": "IR"
  },
  {
    "name": "Iraq",
    "code": "IQ"
  },
  {
    "name": "Ireland",
    "code": "IE"
  },
  {
    "name": "Isle of Man",
    "code": "IM"
  },
  {
    "name": "Israel",
    "code": "IL"
  },
  {
    "name": "Italy",
    "code": "IT"
  },
  {
    "name": "Jamaica",
    "code": "JM"
  },
  {
    "name": "Japan",
    "code": "JP"
  },
  {
    "name": "Jersey",
    "code": "JE"
  },
  {
    "name": "Jordan",
    "code": "JO"
  },
  {
    "name": "Kazakhstan",
    "code": "KZ"
  },
  {
    "name": "Kenya",
    "code": "KE"
  },
  {
    "name": "Kiribati",
    "code": "KI"
  },
  {
    "name": "Korea, Democratic People\"S Republic of",
    "code": "KP"
  },
  {
    "name": "Korea, Republic of",
    "code": "KR"
  },
  {
    "name": "Kuwait",
    "code": "KW"
  },
  {
    "name": "Kyrgyzstan",
    "code": "KG"
  },
  {
    "name": "Lao People\"S Democratic Republic",
    "code": "LA"
  },
  {
    "name": "Latvia",
    "code": "LV"
  },
  {
    "name": "Lebanon",
    "code": "LB"
  },
  {
    "name": "Lesotho",
    "code": "LS"
  },
  {
    "name": "Liberia",
    "code": "LR"
  },
  {
    "name": "Libyan Arab Jamahiriya",
    "code": "LY"
  },
  {
    "name": "Liechtenstein",
    "code": "LI"
  },
  {
    "name": "Lithuania",
    "code": "LT"
  },
  {
    "name": "Luxembourg",
    "code": "LU"
  },
  {
    "name": "Macao",
    "code": "MO"
  },
  {
    "name": "Macedonia, The Former Yugoslav Republic of",
    "code": "MK"
  },
  {
    "name": "Madagascar",
    "code": "MG"
  },
  {
    "name": "Malawi",
    "code": "MW"
  },
  {
    "name": "Malaysia",
    "code": "MY",
    "filename": "malaysia",
    "regions": [
      {
        "name": "Johor",
        "code": "JHR"
      },
      {
        "name": "Kedah",
        "code": "KDH"
      },
      {
        "name": "Kelantan",
        "code": "KTN"
      },
      {
        "name": "Melaka",
        "code": "MLK"
      },
      {
        "name": "Negeri Sembilan",
        "code": "NSN"
      },
      {
        "name": "Pahang",
        "code": "PHG"
      },
      {
        "name": "Perak",
        "code": "PRK"
      },
      {
        "name": "Perlis",
        "code": "PLS"
      },
      {
        "name": "Pulau Pinang",
        "code": "PNG"
      },
      {
        "name": "Sabah",
        "code": "SBH"
      },
      {
        "name": "Sarawak",
        "code": "SWK"
      },
      {
        "name": "Selangor",
        "code": "SGR"
      },
      {
        "name": "Terengganu",
        "code": "TRG"
      },
      {
        "name": "W.P. Kuala Lumpur",
        "code": "KUL"
      },
      {
        "name": "W.P. Labuan",
        "code": "LBN"
      },
      {
        "name": "W.P. Putrajaya",
        "code": "PJY"
      }
    ]
  },
  {
    "name": "Maldives",
    "code": "MV"
  },
  {
    "name": "Mali",
    "code": "ML"
  },
  {
    "name": "Malta",
    "code": "MT"
  },
  {
    "name": "Marshall Islands",
    "code": "MH"
  },
  {
    "name": "Martinique",
    "code": "MQ"
  },
  {
    "name": "Mauritania",
    "code": "MR"
  },
  {
    "name": "Mauritius",
    "code": "MU"
  },
  {
    "name": "Mayotte",
    "code": "YT"
  },
  {
    "name": "Mexico",
    "code": "MX",
    "filename": "mexico",
    "regions": [
      {
        "name": "Distrito Federal",
        "code": "DIF"
      },
      {
        "name": "Aguascalientes",
        "code": "AGS"
      },
      {
        "name": "Baja California",
        "code": "BCN"
      },
      {
        "name": "Baja California Sur",
        "code": "BCS"
      },
      {
        "name": "Campeche",
        "code": "CAM"
      },
      {
        "name": "Chiapas",
        "code": "CHP"
      },
      {
        "name": "Chihuahua",
        "code": "CHI"
      },
      {
        "name": "Coahuila",
        "code": "COA"
      },
      {
        "name": "Colima",
        "code": "COL"
      },
      {
        "name": "Durango",
        "code": "DUR"
      },
      {
        "name": "Guanajuato",
        "code": "GTO"
      },
      {
        "name": "Guerrero",
        "code": "GRO"
      },
      {
        "name": "Hidalgo",
        "code": "HGO"
      },
      {
        "name": "Jalisco",
        "code": "JAL"
      },
      {
        "name": "M&eacute;xico",
        "code": "MEX"
      },
      {
        "name": "Michoac&aacute;n",
        "code": "MIC"
      },
      {
        "name": "Morelos",
        "code": "MOR"
      },
      {
        "name": "Nayarit",
        "code": "NAY"
      },
      {
        "name": "Nuevo Le&oacute;n",
        "code": "NLE"
      },
      {
        "name": "Oaxaca",
        "code": "OAX"
      },
      {
        "name": "Puebla",
        "code": "PUE"
      },
      {
        "name": "Quer&eacute;taro",
        "code": "QRO"
      },
      {
        "name": "Quintana Roo",
        "code": "ROO"
      },
      {
        "name": "San Luis Potos&iacute;",
        "code": "SLP"
      },
      {
        "name": "Sinaloa",
        "code": "SIN"
      },
      {
        "name": "Sonora",
        "code": "SON"
      },
      {
        "name": "Tabasco",
        "code": "TAB"
      },
      {
        "name": "Tamaulipas",
        "code": "TAM"
      },
      {
        "name": "Tlaxcala",
        "code": "TLX"
      },
      {
        "name": "Veracruz",
        "code": "VER"
      },
      {
        "name": "Yucat&aacute;n",
        "code": "YUC"
      },
      {
        "name": "Zacatecas",
        "code": "ZAC"
      }
    ]
  },
  {
    "name": "Micronesia, Federated States of",
    "code": "FM"
  },
  {
    "name": "Moldova, Republic of",
    "code": "MD"
  },
  {
    "name": "Monaco",
    "code": "MC"
  },
  {
    "name": "Mongolia",
    "code": "MN"
  },
  {
    "name": "Montserrat",
    "code": "MS"
  },
  {
    "name": "Morocco",
    "code": "MA"
  },
  {
    "name": "Mozambique",
    "code": "MZ"
  },
  {
    "name": "Myanmar",
    "code": "MM"
  },
  {
    "name": "Namibia",
    "code": "NA"
  },
  {
    "name": "Nauru",
    "code": "NR"
  },
  {
    "name": "Nepal",
    "code": "NP"
  },
  {
    "name": "Netherlands",
    "code": "NL"
  },
  {
    "name": "Netherlands Antilles",
    "code": "AN"
  },
  {
    "name": "New Caledonia",
    "code": "NC"
  },
  {
    "name": "New Zealand",
    "code": "NZ",
    "filename": "new-zealand",
    "regions": [
      {
        "name": "Auckland",
        "code": "AK"
      },
      {
        "name": "Bay of Plenty",
        "code": "BP"
      },
      {
        "name": "Canterbury",
        "code": "CT"
      },
      {
        "name": "Hawke&rsquo;s Bay",
        "code": "HB"
      },
      {
        "name": "Manawatu-Wanganui",
        "code": "MW"
      },
      {
        "name": "Marlborough",
        "code": "MB"
      },
      {
        "name": "Nelson",
        "code": "NS"
      },
      {
        "name": "Northland",
        "code": "NL"
      },
      {
        "name": "Otago",
        "code": "OT"
      },
      {
        "name": "Southland",
        "code": "SL"
      },
      {
        "name": "Taranaki",
        "code": "TK"
      },
      {
        "name": "Tasman",
        "code": "TM"
      },
      {
        "name": "Waikato",
        "code": "WA"
      },
      {
        "name": "Wellington",
        "code": "WE"
      },
      {
        "name": "West Coast",
        "code": "WC"
      }
    ]
  },
  {
    "name": "Nicaragua",
    "code": "NI"
  },
  {
    "name": "Niger",
    "code": "NE"
  },
  {
    "name": "Nigeria",
    "code": "NG"
  },
  {
    "name": "Niue",
    "code": "NU"
  },
  {
    "name": "Norfolk Island",
    "code": "NF"
  },
  {
    "name": "Northern Mariana Islands",
    "code": "MP"
  },
  {
    "name": "Norway",
    "code": "NO"
  },
  {
    "name": "Oman",
    "code": "OM"
  },
  {
    "name": "Pakistan",
    "code": "PK"
  },
  {
    "name": "Palau",
    "code": "PW"
  },
  {
    "name": "Palestinian Territory, Occupied",
    "code": "PS"
  },
  {
    "name": "Panama",
    "code": "PA"
  },
  {
    "name": "Papua New Guinea",
    "code": "PG"
  },
  {
    "name": "Paraguay",
    "code": "PY"
  },
  {
    "name": "Peru",
    "code": "PE"
  },
  {
    "name": "Philippines",
    "code": "PH"
  },
  {
    "name": "Pitcairn",
    "code": "PN"
  },
  {
    "name": "Poland",
    "code": "PL"
  },
  {
    "name": "Portugal",
    "code": "PT"
  },
  {
    "name": "Puerto Rico",
    "code": "PR"
  },
  {
    "name": "Qatar",
    "code": "QA"
  },
  {
    "name": "Reunion",
    "code": "RE"
  },
  {
    "name": "Romania",
    "code": "RO"
  },
  {
    "name": "Russian Federation",
    "code": "RU"
  },
  {
    "name": "RWANDA",
    "code": "RW"
  },
  {
    "name": "Saint Helena",
    "code": "SH"
  },
  {
    "name": "Saint Kitts and Nevis",
    "code": "KN"
  },
  {
    "name": "Saint Lucia",
    "code": "LC"
  },
  {
    "name": "Saint Pierre and Miquelon",
    "code": "PM"
  },
  {
    "name": "Saint Vincent and the Grenadines",
    "code": "VC"
  },
  {
    "name": "Samoa",
    "code": "WS"
  },
  {
    "name": "San Marino",
    "code": "SM"
  },
  {
    "name": "Sao Tome and Principe",
    "code": "ST"
  },
  {
    "name": "Saudi Arabia",
    "code": "SA"
  },
  {
    "name": "Senegal",
    "code": "SN"
  },
  {
    "name": "Serbia and Montenegro",
    "code": "CS"
  },
  {
    "name": "Seychelles",
    "code": "SC"
  },
  {
    "name": "Sierra Leone",
    "code": "SL"
  },
  {
    "name": "Singapore",
    "code": "SG"
  },
  {
    "name": "Slovakia",
    "code": "SK"
  },
  {
    "name": "Slovenia",
    "code": "SI"
  },
  {
    "name": "Solomon Islands",
    "code": "SB"
  },
  {
    "name": "Somalia",
    "code": "SO"
  },
  {
    "name": "South Africa",
    "code": "ZA",
    "filename": "south-africa",
    "regions": [
      {
        "name": "Eastern Cape",
        "code": "EC"
      },
      {
        "name": "Free State",
        "code": "FS"
      },
      {
        "name": "Gauteng",
        "code": "GP"
      },
      {
        "name": "KwaZulu-Natal",
        "code": "KZN"
      },
      {
        "name": "Limpopo",
        "code": "LP"
      },
      {
        "name": "Mpumalanga",
        "code": "MP"
      },
      {
        "name": "Northern Cape",
        "code": "NC"
      },
      {
        "name": "North West",
        "code": "NW"
      },
      {
        "name": "Western Cape",
        "code": "WC"
      }
    ]
  },
  {
    "name": "South Georgia and the South Sandwich Islands",
    "code": "GS"
  },
  {
    "name": "Spain",
    "code": "ES"
  },
  {
    "name": "Sri Lanka",
    "code": "LK"
  },
  {
    "name": "Sudan",
    "code": "SD"
  },
  {
    "name": "Suriname",
    "code": "SR"
  },
  {
    "name": "Svalbard and Jan Mayen",
    "code": "SJ"
  },
  {
    "name": "Swaziland",
    "code": "SZ"
  },
  {
    "name": "Sweden",
    "code": "SE"
  },
  {
    "name": "Switzerland",
    "code": "CH"
  },
  {
    "name": "Syrian Arab Republic",
    "code": "SY"
  },
  {
    "name": "Taiwan, Province of China",
    "code": "TW"
  },
  {
    "name": "Tajikistan",
    "code": "TJ"
  },
  {
    "name": "Tanzania, United Republic of",
    "code": "TZ"
  },
  {
    "name": "Thailand",
    "code": "TH",
    "filename": "thailand",
    "regions": [
      {
        "name": "Amnat Charoen (&#3629;&#3635;&#3609;&#3634;&#3592;&#3648;&#3592;&#3619;&#3636;&#3597;)",
        "code": "TH-37"
      },
      {
        "name": "Ang Thong (&#3629;&#3656;&#3634;&#3591;&#3607;&#3629;&#3591;)",
        "code": "TH-15"
      },
      {
        "name": "Ayutthaya (&#3614;&#3619;&#3632;&#3609;&#3588;&#3619;&#3624;&#3619;&#3637;&#3629;&#3618;&#3640;&#3608;&#3618;&#3634;)",
        "code": "TH-14"
      },
      {
        "name": "Bangkok (&#3585;&#3619;&#3640;&#3591;&#3648;&#3607;&#3614;&#3617;&#3627;&#3634;&#3609;&#3588;&#3619;)",
        "code": "TH-10"
      },
      {
        "name": "Bueng Kan (&#3610;&#3638;&#3591;&#3585;&#3634;&#3628;)",
        "code": "TH-38"
      },
      {
        "name": "Buri Ram (&#3610;&#3640;&#3619;&#3637;&#3619;&#3633;&#3617;&#3618;&#3660;)",
        "code": "TH-31"
      },
      {
        "name": "Chachoengsao (&#3593;&#3632;&#3648;&#3594;&#3636;&#3591;&#3648;&#3607;&#3619;&#3634;)",
        "code": "TH-24"
      },
      {
        "name": "Chai Nat (&#3594;&#3633;&#3618;&#3609;&#3634;&#3607;)",
        "code": "TH-18"
      },
      {
        "name": "Chaiyaphum (&#3594;&#3633;&#3618;&#3616;&#3641;&#3617;&#3636;)",
        "code": "TH-36"
      },
      {
        "name": "Chanthaburi (&#3592;&#3633;&#3609;&#3607;&#3610;&#3640;&#3619;&#3637;)",
        "code": "TH-22"
      },
      {
        "name": "Chiang Mai (&#3648;&#3594;&#3637;&#3618;&#3591;&#3651;&#3627;&#3617;&#3656;)",
        "code": "TH-50"
      },
      {
        "name": "Chiang Rai (&#3648;&#3594;&#3637;&#3618;&#3591;&#3619;&#3634;&#3618;)",
        "code": "TH-57"
      },
      {
        "name": "Chonburi (&#3594;&#3621;&#3610;&#3640;&#3619;&#3637;)",
        "code": "TH-20"
      },
      {
        "name": "Chumphon (&#3594;&#3640;&#3617;&#3614;&#3619;)",
        "code": "TH-86"
      },
      {
        "name": "Kalasin (&#3585;&#3634;&#3628;&#3626;&#3636;&#3609;&#3608;&#3640;&#3660;)",
        "code": "TH-46"
      },
      {
        "name": "Kamphaeng Phet (&#3585;&#3635;&#3649;&#3614;&#3591;&#3648;&#3614;&#3594;&#3619;)",
        "code": "TH-62"
      },
      {
        "name": "Kanchanaburi (&#3585;&#3634;&#3597;&#3592;&#3609;&#3610;&#3640;&#3619;&#3637;)",
        "code": "TH-71"
      },
      {
        "name": "Khon Kaen (&#3586;&#3629;&#3609;&#3649;&#3585;&#3656;&#3609;)",
        "code": "TH-40"
      },
      {
        "name": "Krabi (&#3585;&#3619;&#3632;&#3610;&#3637;&#3656;)",
        "code": "TH-81"
      },
      {
        "name": "Lampang (&#3621;&#3635;&#3611;&#3634;&#3591;)",
        "code": "TH-52"
      },
      {
        "name": "Lamphun (&#3621;&#3635;&#3614;&#3641;&#3609;)",
        "code": "TH-51"
      },
      {
        "name": "Loei (&#3648;&#3621;&#3618;)",
        "code": "TH-42"
      },
      {
        "name": "Lopburi (&#3621;&#3614;&#3610;&#3640;&#3619;&#3637;)",
        "code": "TH-16"
      },
      {
        "name": "Mae Hong Son (&#3649;&#3617;&#3656;&#3630;&#3656;&#3629;&#3591;&#3626;&#3629;&#3609;)",
        "code": "TH-58"
      },
      {
        "name": "Maha Sarakham (&#3617;&#3627;&#3634;&#3626;&#3634;&#3619;&#3588;&#3634;&#3617;)",
        "code": "TH-44"
      },
      {
        "name": "Mukdahan (&#3617;&#3640;&#3585;&#3604;&#3634;&#3627;&#3634;&#3619;)",
        "code": "TH-49"
      },
      {
        "name": "Nakhon Nayok (&#3609;&#3588;&#3619;&#3609;&#3634;&#3618;&#3585;)",
        "code": "TH-26"
      },
      {
        "name": "Nakhon Pathom (&#3609;&#3588;&#3619;&#3611;&#3600;&#3617;)",
        "code": "TH-73"
      },
      {
        "name": "Nakhon Phanom (&#3609;&#3588;&#3619;&#3614;&#3609;&#3617;)",
        "code": "TH-48"
      },
      {
        "name": "Nakhon Ratchasima (&#3609;&#3588;&#3619;&#3619;&#3634;&#3594;&#3626;&#3637;&#3617;&#3634;)",
        "code": "TH-30"
      },
      {
        "name": "Nakhon Sawan (&#3609;&#3588;&#3619;&#3626;&#3623;&#3619;&#3619;&#3588;&#3660;)",
        "code": "TH-60"
      },
      {
        "name": "Nakhon Si Thammarat (&#3609;&#3588;&#3619;&#3624;&#3619;&#3637;&#3608;&#3619;&#3619;&#3617;&#3619;&#3634;&#3594;)",
        "code": "TH-80"
      },
      {
        "name": "Nan (&#3609;&#3656;&#3634;&#3609;)",
        "code": "TH-55"
      },
      {
        "name": "Narathiwat (&#3609;&#3619;&#3634;&#3608;&#3636;&#3623;&#3634;&#3626;)",
        "code": "TH-96"
      },
      {
        "name": "Nong Bua Lam Phu (&#3627;&#3609;&#3629;&#3591;&#3610;&#3633;&#3623;&#3621;&#3635;&#3616;&#3641;)",
        "code": "TH-39"
      },
      {
        "name": "Nong Khai (&#3627;&#3609;&#3629;&#3591;&#3588;&#3634;&#3618;)",
        "code": "TH-43"
      },
      {
        "name": "Nonthaburi (&#3609;&#3609;&#3607;&#3610;&#3640;&#3619;&#3637;)",
        "code": "TH-12"
      },
      {
        "name": "Pathum Thani (&#3611;&#3607;&#3640;&#3617;&#3608;&#3634;&#3609;&#3637;)",
        "code": "TH-13"
      },
      {
        "name": "Pattani (&#3611;&#3633;&#3605;&#3605;&#3634;&#3609;&#3637;)",
        "code": "TH-94"
      },
      {
        "name": "Phang Nga (&#3614;&#3633;&#3591;&#3591;&#3634;)",
        "code": "TH-82"
      },
      {
        "name": "Phatthalung (&#3614;&#3633;&#3607;&#3621;&#3640;&#3591;)",
        "code": "TH-93"
      },
      {
        "name": "Phayao (&#3614;&#3632;&#3648;&#3618;&#3634;)",
        "code": "TH-56"
      },
      {
        "name": "Phetchabun (&#3648;&#3614;&#3594;&#3619;&#3610;&#3641;&#3619;&#3603;&#3660;)",
        "code": "TH-67"
      },
      {
        "name": "Phetchaburi (&#3648;&#3614;&#3594;&#3619;&#3610;&#3640;&#3619;&#3637;)",
        "code": "TH-76"
      },
      {
        "name": "Phichit (&#3614;&#3636;&#3592;&#3636;&#3605;&#3619;)",
        "code": "TH-66"
      },
      {
        "name": "Phitsanulok (&#3614;&#3636;&#3625;&#3603;&#3640;&#3650;&#3621;&#3585;)",
        "code": "TH-65"
      },
      {
        "name": "Phrae (&#3649;&#3614;&#3619;&#3656;)",
        "code": "TH-54"
      },
      {
        "name": "Phuket (&#3616;&#3641;&#3648;&#3585;&#3655;&#3605;)",
        "code": "TH-83"
      },
      {
        "name": "Prachin Buri (&#3611;&#3619;&#3634;&#3592;&#3637;&#3609;&#3610;&#3640;&#3619;&#3637;)",
        "code": "TH-25"
      },
      {
        "name": "Prachuap Khiri Khan (&#3611;&#3619;&#3632;&#3592;&#3623;&#3610;&#3588;&#3637;&#3619;&#3637;&#3586;&#3633;&#3609;&#3608;&#3660;)",
        "code": "TH-77"
      },
      {
        "name": "Ranong (&#3619;&#3632;&#3609;&#3629;&#3591;)",
        "code": "TH-85"
      },
      {
        "name": "Ratchaburi (&#3619;&#3634;&#3594;&#3610;&#3640;&#3619;&#3637;)",
        "code": "TH-70"
      },
      {
        "name": "Rayong (&#3619;&#3632;&#3618;&#3629;&#3591;)",
        "code": "TH-21"
      },
      {
        "name": "Roi Et (&#3619;&#3657;&#3629;&#3618;&#3648;&#3629;&#3655;&#3604;)",
        "code": "TH-45"
      },
      {
        "name": "Sa Kaeo (&#3626;&#3619;&#3632;&#3649;&#3585;&#3657;&#3623;)",
        "code": "TH-27"
      },
      {
        "name": "Sakon Nakhon (&#3626;&#3585;&#3621;&#3609;&#3588;&#3619;)",
        "code": "TH-47"
      },
      {
        "name": "Samut Prakan (&#3626;&#3617;&#3640;&#3607;&#3619;&#3611;&#3619;&#3634;&#3585;&#3634;&#3619;)",
        "code": "TH-11"
      },
      {
        "name": "Samut Sakhon (&#3626;&#3617;&#3640;&#3607;&#3619;&#3626;&#3634;&#3588;&#3619;)",
        "code": "TH-74"
      },
      {
        "name": "Samut Songkhram (&#3626;&#3617;&#3640;&#3607;&#3619;&#3626;&#3591;&#3588;&#3619;&#3634;&#3617;)",
        "code": "TH-75"
      },
      {
        "name": "Saraburi (&#3626;&#3619;&#3632;&#3610;&#3640;&#3619;&#3637;)",
        "code": "TH-19"
      },
      {
        "name": "Satun (&#3626;&#3605;&#3641;&#3621;)",
        "code": "TH-91"
      },
      {
        "name": "Sing Buri (&#3626;&#3636;&#3591;&#3627;&#3660;&#3610;&#3640;&#3619;&#3637;)",
        "code": "TH-17"
      },
      {
        "name": "Sisaket (&#3624;&#3619;&#3637;&#3626;&#3632;&#3648;&#3585;&#3625;)",
        "code": "TH-33"
      },
      {
        "name": "Songkhla (&#3626;&#3591;&#3586;&#3621;&#3634;)",
        "code": "TH-90"
      },
      {
        "name": "Sukhothai (&#3626;&#3640;&#3650;&#3586;&#3607;&#3633;&#3618;)",
        "code": "TH-64"
      },
      {
        "name": "Suphan Buri (&#3626;&#3640;&#3614;&#3619;&#3619;&#3603;&#3610;&#3640;&#3619;&#3637;)",
        "code": "TH-72"
      },
      {
        "name": "Surat Thani (&#3626;&#3640;&#3619;&#3634;&#3625;&#3598;&#3619;&#3660;&#3608;&#3634;&#3609;&#3637;)",
        "code": "TH-84"
      },
      {
        "name": "Surin (&#3626;&#3640;&#3619;&#3636;&#3609;&#3607;&#3619;&#3660;)",
        "code": "TH-32"
      },
      {
        "name": "Tak (&#3605;&#3634;&#3585;)",
        "code": "TH-63"
      },
      {
        "name": "Trang (&#3605;&#3619;&#3633;&#3591;)",
        "code": "TH-92"
      },
      {
        "name": "Trat (&#3605;&#3619;&#3634;&#3604;)",
        "code": "TH-23"
      },
      {
        "name": "Ubon Ratchathani (&#3629;&#3640;&#3610;&#3621;&#3619;&#3634;&#3594;&#3608;&#3634;&#3609;&#3637;)",
        "code": "TH-34"
      },
      {
        "name": "Udon Thani (&#3629;&#3640;&#3604;&#3619;&#3608;&#3634;&#3609;&#3637;)",
        "code": "TH-41"
      },
      {
        "name": "Uthai Thani (&#3629;&#3640;&#3607;&#3633;&#3618;&#3608;&#3634;&#3609;&#3637;)",
        "code": "TH-61"
      },
      {
        "name": "Uttaradit (&#3629;&#3640;&#3605;&#3619;&#3604;&#3636;&#3605;&#3606;&#3660;)",
        "code": "TH-53"
      },
      {
        "name": "Yala (&#3618;&#3632;&#3621;&#3634;)",
        "code": "TH-95"
      },
      {
        "name": "Yasothon (&#3618;&#3650;&#3626;&#3608;&#3619;)",
        "code": "TH-35"
      }
    ]
  },
  {
    "name": "Timor-Leste",
    "code": "TL"
  },
  {
    "name": "Togo",
    "code": "TG"
  },
  {
    "name": "Tokelau",
    "code": "TK"
  },
  {
    "name": "Tonga",
    "code": "TO"
  },
  {
    "name": "Trinidad and Tobago",
    "code": "TT"
  },
  {
    "name": "Tunisia",
    "code": "TN"
  },
  {
    "name": "Turkey",
    "code": "TR"
  },
  {
    "name": "Turkmenistan",
    "code": "TM"
  },
  {
    "name": "Turks and Caicos Islands",
    "code": "TC"
  },
  {
    "name": "Tuvalu",
    "code": "TV"
  },
  {
    "name": "Uganda",
    "code": "UG"
  },
  {
    "name": "Ukraine",
    "code": "UA"
  },
  {
    "name": "United Arab Emirates",
    "code": "AE"
  },
  {
    "name": "United Kingdom",
    "code": "GB",
    "filename": "united-kingdom",
    "regions": [
      {
        "name": "Buckinghamshire",
        "code": "GB-BKM"
      },
      {
        "name": "Cambridgeshire",
        "code": "GB-CAM"
      },
      {
        "name": "Cumbria",
        "code": "GB-CMA"
      },
      {
        "name": "Derbyshire",
        "code": "GB-DBY"
      },
      {
        "name": "Devon",
        "code": "GB-DEV"
      },
      {
        "name": "Dorset",
        "code": "GB-DOR"
      },
      {
        "name": "East Sussex",
        "code": "GB-ESX"
      },
      {
        "name": "Essex",
        "code": "GB-ESS"
      },
      {
        "name": "Gloucestershire",
        "code": "GB-GLS"
      },
      {
        "name": "Hampshire",
        "code": "GB-HAM"
      },
      {
        "name": "Hertfordshire",
        "code": "GB-HRT"
      },
      {
        "name": "Kent",
        "code": "GB-KEN"
      },
      {
        "name": "Lancashire",
        "code": "GB-LAN"
      },
      {
        "name": "Leicestershire",
        "code": "GB-LEC"
      },
      {
        "name": "Lincolnshire",
        "code": "GB-LIN"
      },
      {
        "name": "Norfolk",
        "code": "GB-NFK"
      },
      {
        "name": "North Yorkshire",
        "code": "GB-NYK"
      },
      {
        "name": "Northamptonshire",
        "code": "GB-NTH"
      },
      {
        "name": "Nottinghamshire",
        "code": "GB-NTT"
      },
      {
        "name": "Oxfordshire",
        "code": "GB-OXF"
      },
      {
        "name": "Somerset",
        "code": "GB-SOM"
      },
      {
        "name": "Staffordshire",
        "code": "GB-STS"
      },
      {
        "name": "Suffolk",
        "code": "GB-SFK"
      },
      {
        "name": "Surrey",
        "code": "GB-SRY"
      },
      {
        "name": "Warwickshire",
        "code": "GB-WAR"
      },
      {
        "name": "West Sussex",
        "code": "GB-WSX"
      },
      {
        "name": "Worcestershire",
        "code": "GB-WOR"
      },
      {
        "name": "Barking and Dagenham",
        "code": "GB-BDG"
      },
      {
        "name": "Barnet",
        "code": "GB-BNE"
      },
      {
        "name": "Bexley",
        "code": "GB-BEX"
      },
      {
        "name": "Brent",
        "code": "GB-BEN"
      },
      {
        "name": "Bromley",
        "code": "GB-BRY"
      },
      {
        "name": "Camden",
        "code": "GB-CMD"
      },
      {
        "name": "Croydon",
        "code": "GB-CRY"
      },
      {
        "name": "Ealing",
        "code": "GB-EAL"
      },
      {
        "name": "Enfield",
        "code": "GB-ENF"
      },
      {
        "name": "Greenwich",
        "code": "GB-GRE"
      },
      {
        "name": "Hackney",
        "code": "GB-HCK"
      },
      {
        "name": "Hammersmith and Fulham",
        "code": "GB-HMF"
      },
      {
        "name": "Haringey",
        "code": "GB-HRY"
      },
      {
        "name": "Harrow",
        "code": "GB-HRW"
      },
      {
        "name": "Havering",
        "code": "GB-HAV"
      },
      {
        "name": "Hillingdon",
        "code": "GB-HIL"
      },
      {
        "name": "Hounslow",
        "code": "GB-HNS"
      },
      {
        "name": "Islington",
        "code": "GB-ISL"
      },
      {
        "name": "Kensington and Chelsea",
        "code": "GB-KEC"
      },
      {
        "name": "Kingston upon Thames",
        "code": "GB-KTT"
      },
      {
        "name": "Lambeth",
        "code": "GB-LBH"
      },
      {
        "name": "Lewisham",
        "code": "GB-LEW"
      },
      {
        "name": "Merton",
        "code": "GB-MRT"
      },
      {
        "name": "Newham",
        "code": "GB-NWM"
      },
      {
        "name": "Redbridge",
        "code": "GB-RDB"
      },
      {
        "name": "Richmond upon Thames",
        "code": "GB-RIC"
      },
      {
        "name": "Southwark",
        "code": "GB-SWK"
      },
      {
        "name": "Sutton",
        "code": "GB-STN"
      },
      {
        "name": "Tower Hamlets",
        "code": "GB-TWH"
      },
      {
        "name": "Waltham Forest",
        "code": "GB-WFT"
      },
      {
        "name": "Wandsworth",
        "code": "GB-WND"
      },
      {
        "name": "Westminster",
        "code": "GB-WSM"
      },
      {
        "name": "Barnsley",
        "code": "GB-BNS"
      },
      {
        "name": "Birmingham",
        "code": "GB-BIR"
      },
      {
        "name": "Bolton",
        "code": "GB-BOL"
      },
      {
        "name": "Bradford",
        "code": "GB-BRD"
      },
      {
        "name": "Bury",
        "code": "GB-BUR"
      },
      {
        "name": "Calderdale",
        "code": "GB-CLD"
      },
      {
        "name": "Coventry",
        "code": "GB-COV"
      },
      {
        "name": "Doncaster",
        "code": "GB-DNC"
      },
      {
        "name": "Dudley",
        "code": "GB-DUD"
      },
      {
        "name": "Gateshead",
        "code": "GB-GAT"
      },
      {
        "name": "Kirklees",
        "code": "GB-KIR"
      },
      {
        "name": "Knowsley",
        "code": "GB-KWL"
      },
      {
        "name": "Leeds",
        "code": "GB-LDS"
      },
      {
        "name": "Liverpool",
        "code": "GB-LIV"
      },
      {
        "name": "Manchester",
        "code": "GB-MAN"
      },
      {
        "name": "Newcastle upon Tyne",
        "code": "GB-NET"
      },
      {
        "name": "North Tyneside",
        "code": "GB-NTY"
      },
      {
        "name": "Oldham",
        "code": "GB-OLD"
      },
      {
        "name": "Rochdale",
        "code": "GB-RCH"
      },
      {
        "name": "Rotherham",
        "code": "GB-ROT"
      },
      {
        "name": "St. Helens",
        "code": "GB-SHN"
      },
      {
        "name": "Salford",
        "code": "GB-SLF"
      },
      {
        "name": "Sandwell",
        "code": "GB-SAW"
      },
      {
        "name": "Sefton",
        "code": "GB-SFT"
      },
      {
        "name": "Sheffield",
        "code": "GB-SHF"
      },
      {
        "name": "Solihull",
        "code": "GB-SOL"
      },
      {
        "name": "South Tyneside",
        "code": "GB-STY"
      },
      {
        "name": "Stockport",
        "code": "GB-SKP"
      },
      {
        "name": "Sunderland",
        "code": "GB-SND"
      },
      {
        "name": "Tameside",
        "code": "GB-TAM"
      },
      {
        "name": "Trafford",
        "code": "GB-TRF"
      },
      {
        "name": "Wakefield",
        "code": "GB-WKF"
      },
      {
        "name": "Walsall",
        "code": "GB-WLL"
      },
      {
        "name": "Wigan",
        "code": "GB-WGN"
      },
      {
        "name": "Wirral",
        "code": "GB-WRL"
      },
      {
        "name": "Wolverhampton",
        "code": "GB-WLV"
      },
      {
        "name": "Bath and North East Somerset",
        "code": "GB-BAS"
      },
      {
        "name": "Blackburn with Darwen",
        "code": "GB-BBD"
      },
      {
        "name": "Bedford",
        "code": "GB-BDF"
      },
      {
        "name": "Blackpool",
        "code": "GB-BPL"
      },
      {
        "name": "Bournemouth",
        "code": "GB-BMH"
      },
      {
        "name": "Bracknell Forest",
        "code": "GB-BRC"
      },
      {
        "name": "Brighton and Hove",
        "code": "GB-BNH"
      },
      {
        "name": "Bristol, City of",
        "code": "GB-BST"
      },
      {
        "name": "Central Bedfordshire",
        "code": "GB-CBF"
      },
      {
        "name": "Cheshire East",
        "code": "GB-CHE"
      },
      {
        "name": "Cheshire West and Chester",
        "code": "GB-CHW"
      },
      {
        "name": "Cornwall",
        "code": "GB-CON"
      },
      {
        "name": "Darlington",
        "code": "GB-DAL"
      },
      {
        "name": "Derby",
        "code": "GB-DER"
      },
      {
        "name": "Durham, County",
        "code": "GB-DUR"
      },
      {
        "name": "East Riding of Yorkshire",
        "code": "GB-ERY"
      },
      {
        "name": "Halton",
        "code": "GB-HAL"
      },
      {
        "name": "Hartlepool",
        "code": "GB-HPL"
      },
      {
        "name": "Herefordshire",
        "code": "GB-HEF"
      },
      {
        "name": "Isle of Wight",
        "code": "GB-IOW"
      },
      {
        "name": "Kingston upon Hull",
        "code": "GB-KHL"
      },
      {
        "name": "Leicester",
        "code": "GB-LCE"
      },
      {
        "name": "Luton",
        "code": "GB-LUT"
      },
      {
        "name": "Medway",
        "code": "GB-MDW"
      },
      {
        "name": "Middlesbrough",
        "code": "GB-MDB"
      },
      {
        "name": "Milton Keynes",
        "code": "GB-MIK"
      },
      {
        "name": "North East Lincolnshire",
        "code": "GB-NEL"
      },
      {
        "name": "North Lincolnshire",
        "code": "GB-NLN"
      },
      {
        "name": "North Somerset",
        "code": "GB-NSM"
      },
      {
        "name": "Northumberland",
        "code": "GB-NBL"
      },
      {
        "name": "Nottingham",
        "code": "GB-NGM"
      },
      {
        "name": "Peterborough",
        "code": "GB-PTE"
      },
      {
        "name": "Plymouth",
        "code": "GB-PLY"
      },
      {
        "name": "Poole",
        "code": "GB-POL"
      },
      {
        "name": "Portsmouth",
        "code": "GB-POR"
      },
      {
        "name": "Reading",
        "code": "GB-RDG"
      },
      {
        "name": "Redcar and Cleveland",
        "code": "GB-RCC"
      },
      {
        "name": "Rutland",
        "code": "GB-RUT"
      },
      {
        "name": "Shropshire",
        "code": "GB-SHR"
      },
      {
        "name": "Slough",
        "code": "GB-SLG"
      },
      {
        "name": "South Gloucestershire",
        "code": "GB-SGC"
      },
      {
        "name": "Southampton",
        "code": "GB-STH"
      },
      {
        "name": "Southend-on-Sea",
        "code": "GB-SOS"
      },
      {
        "name": "Stockton-on-Tees",
        "code": "GB-STT"
      },
      {
        "name": "Stoke-on-Trent",
        "code": "GB-STE"
      },
      {
        "name": "Swindon",
        "code": "GB-SWD"
      },
      {
        "name": "Telford and Wrekin",
        "code": "GB-TFW"
      },
      {
        "name": "Thurrock",
        "code": "GB-THR"
      },
      {
        "name": "Torbay",
        "code": "GB-TOB"
      },
      {
        "name": "Warrington",
        "code": "GB-WRT"
      },
      {
        "name": "West Berkshire",
        "code": "GB-WBK"
      },
      {
        "name": "Wiltshire",
        "code": "GB-WIL"
      },
      {
        "name": "Windsor and Maidenhead",
        "code": "GB-WNM"
      },
      {
        "name": "Wokingham",
        "code": "GB-WOK"
      },
      {
        "name": "York",
        "code": "GB-YOR"
      },
      {
        "name": "London, City of",
        "code": "GB-LND"
      },
      {
        "name": "Antrim",
        "code": "GB-ANT"
      },
      {
        "name": "Ards",
        "code": "GB-ARD"
      },
      {
        "name": "Armagh",
        "code": "GB-ARM"
      },
      {
        "name": "Ballymena",
        "code": "GB-BLA"
      },
      {
        "name": "Ballymoney",
        "code": "GB-BLY"
      },
      {
        "name": "Banbridge",
        "code": "GB-BNB"
      },
      {
        "name": "Belfast",
        "code": "GB-BFS"
      },
      {
        "name": "Carrickfergus",
        "code": "GB-CKF"
      },
      {
        "name": "Castlereagh",
        "code": "GB-CSR"
      },
      {
        "name": "Coleraine",
        "code": "GB-CLR"
      },
      {
        "name": "Cookstown",
        "code": "GB-CKT"
      },
      {
        "name": "Craigavon",
        "code": "GB-CGV"
      },
      {
        "name": "Derry",
        "code": "GB-DRY"
      },
      {
        "name": "Down",
        "code": "GB-DOW"
      },
      {
        "name": "Dungannon and South Tyrone",
        "code": "GB-DGN"
      },
      {
        "name": "Fermanagh",
        "code": "GB-FER"
      },
      {
        "name": "Larne",
        "code": "GB-LRN"
      },
      {
        "name": "Limavady",
        "code": "GB-LMV"
      },
      {
        "name": "Lisburn",
        "code": "GB-LSB"
      },
      {
        "name": "Magherafelt",
        "code": "GB-MFT"
      },
      {
        "name": "Moyle",
        "code": "GB-MYL"
      },
      {
        "name": "Newry and Mourne District",
        "code": "GB-NYM"
      },
      {
        "name": "Newtownabbey",
        "code": "GB-NTA"
      },
      {
        "name": "North Down",
        "code": "GB-NDN"
      },
      {
        "name": "Omagh",
        "code": "GB-OMH"
      },
      {
        "name": "Strabane",
        "code": "GB-STB"
      },
      {
        "name": "Aberdeen City",
        "code": "GB-ABE"
      },
      {
        "name": "Aberdeenshire",
        "code": "GB-ABD"
      },
      {
        "name": "Angus",
        "code": "GB-ANS"
      },
      {
        "name": "Argyll and Bute",
        "code": "GB-AGB"
      },
      {
        "name": "Clackmannanshire",
        "code": "GB-CLK"
      },
      {
        "name": "Dumfries and Galloway",
        "code": "GB-DGY"
      },
      {
        "name": "Dundee City",
        "code": "GB-DND"
      },
      {
        "name": "East Ayrshire",
        "code": "GB-EAY"
      },
      {
        "name": "East Dunbartonshire",
        "code": "GB-EDU"
      },
      {
        "name": "East Lothian",
        "code": "GB-ELN"
      },
      {
        "name": "East Renfrewshire",
        "code": "GB-ERW"
      },
      {
        "name": "Edinburgh, City of",
        "code": "GB-EDH"
      },
      {
        "name": "Eilean Siar",
        "code": "GB-ELS"
      },
      {
        "name": "Falkirk",
        "code": "GB-FAL"
      },
      {
        "name": "Fife",
        "code": "GB-FIF"
      },
      {
        "name": "Glasgow City",
        "code": "GB-GLG"
      },
      {
        "name": "Highland",
        "code": "GB-HLD"
      },
      {
        "name": "Inverclyde",
        "code": "GB-IVC"
      },
      {
        "name": "Midlothian",
        "code": "GB-MLN"
      },
      {
        "name": "Moray",
        "code": "GB-MRY"
      },
      {
        "name": "North Ayrshire",
        "code": "GB-NAY"
      },
      {
        "name": "North Lanarkshire",
        "code": "GB-NLK"
      },
      {
        "name": "Orkney Islands",
        "code": "GB-ORK"
      },
      {
        "name": "Perth and Kinross",
        "code": "GB-PKN"
      },
      {
        "name": "Renfrewshire",
        "code": "GB-RFW"
      },
      {
        "name": "Scottish Borders, The",
        "code": "GB-SCB"
      },
      {
        "name": "Shetland Islands",
        "code": "GB-ZET"
      },
      {
        "name": "South Ayrshire",
        "code": "GB-SAY"
      },
      {
        "name": "South Lanarkshire",
        "code": "GB-SLK"
      },
      {
        "name": "Stirling",
        "code": "GB-STG"
      },
      {
        "name": "West Dunbartonshire",
        "code": "GB-WDU"
      },
      {
        "name": "West Lothian",
        "code": "GB-WLN"
      },
      {
        "name": "Blaenau Gwent",
        "code": "GB-BGW"
      },
      {
        "name": "Bridgend",
        "code": "GB-BGE"
      },
      {
        "name": "Caerphilly",
        "code": "GB-CAY"
      },
      {
        "name": "Cardiff",
        "code": "GB-CRF"
      },
      {
        "name": "Carmarthenshire",
        "code": "GB-CMN"
      },
      {
        "name": "Ceredigion",
        "code": "GB-CGN"
      },
      {
        "name": "Conwy",
        "code": "GB-CWY"
      },
      {
        "name": "Denbighshire",
        "code": "GB-DEN"
      },
      {
        "name": "Flintshire",
        "code": "GB-FLN"
      },
      {
        "name": "Gwynedd",
        "code": "GB-GWN"
      },
      {
        "name": "Isle of Anglesey",
        "code": "GB-AGY"
      },
      {
        "name": "Merthyr Tydfil",
        "code": "GB-MTY"
      },
      {
        "name": "Monmouthshire",
        "code": "GB-MON"
      },
      {
        "name": "Neath Port Talbot",
        "code": "GB-NTL"
      },
      {
        "name": "Newport",
        "code": "GB-NWP"
      },
      {
        "name": "Pembrokeshire",
        "code": "GB-PEM"
      },
      {
        "name": "Powys",
        "code": "GB-POW"
      },
      {
        "name": "Rhondda, Cynon, Taff",
        "code": "GB-RCT"
      },
      {
        "name": "Swansea",
        "code": "GB-SWA"
      },
      {
        "name": "Torfaen",
        "code": "GB-TOF"
      },
      {
        "name": "Vale of Glamorgan, The",
        "code": "GB-VGL"
      },
      {
        "name": "Wrexham",
        "code": "GB-WRX"
      }
    ]
  },
  {
    "name": "United States",
    "code": "US",
    "filename": "united-states",
    "regions": [
      {
        "name": "Alabama",
        "code": "AL"
      },
      {
        "name": "Alaska",
        "code": "AK"
      },
      {
        "name": "Arizona",
        "code": "AZ"
      },
      {
        "name": "Arkansas",
        "code": "AR"
      },
      {
        "name": "California",
        "code": "CA"
      },
      {
        "name": "Colorado",
        "code": "CO"
      },
      {
        "name": "Connecticut",
        "code": "CT"
      },
      {
        "name": "Delaware",
        "code": "DE"
      },
      {
        "name": "District of Columbia",
        "code": "DC"
      },
      {
        "name": "Florida",
        "code": "FL"
      },
      {
        "name": "Georgia",
        "code": "GA"
      },
      {
        "name": "Hawaii",
        "code": "HI"
      },
      {
        "name": "Idaho",
        "code": "ID"
      },
      {
        "name": "Illinois",
        "code": "IL"
      },
      {
        "name": "Indiana",
        "code": "IN"
      },
      {
        "name": "Iowa",
        "code": "IA"
      },
      {
        "name": "Kansas",
        "code": "KS"
      },
      {
        "name": "Kentucky",
        "code": "KY"
      },
      {
        "name": "Louisiana",
        "code": "LA"
      },
      {
        "name": "Maine",
        "code": "ME"
      },
      {
        "name": "Maryland",
        "code": "MD"
      },
      {
        "name": "Massachusetts",
        "code": "MA"
      },
      {
        "name": "Michigan",
        "code": "MI"
      },
      {
        "name": "Minnesota",
        "code": "MN"
      },
      {
        "name": "Mississippi",
        "code": "MS"
      },
      {
        "name": "Missouri",
        "code": "MO"
      },
      {
        "name": "Montana",
        "code": "MT"
      },
      {
        "name": "Nebraska",
        "code": "NE"
      },
      {
        "name": "Nevada",
        "code": "NV"
      },
      {
        "name": "New Hampshire",
        "code": "NH"
      },
      {
        "name": "New Jersey",
        "code": "NJ"
      },
      {
        "name": "New Mexico",
        "code": "NM"
      },
      {
        "name": "New York",
        "code": "NY"
      },
      {
        "name": "North Carolina",
        "code": "NC"
      },
      {
        "name": "North Dakota",
        "code": "ND"
      },
      {
        "name": "Ohio",
        "code": "OH"
      },
      {
        "name": "Oklahoma",
        "code": "OK"
      },
      {
        "name": "Oregon",
        "code": "OR"
      },
      {
        "name": "Pennsylvania",
        "code": "PA"
      },
      {
        "name": "Rhode Island",
        "code": "RI"
      },
      {
        "name": "South Carolina",
        "code": "SC"
      },
      {
        "name": "South Dakota",
        "code": "SD"
      },
      {
        "name": "Tennessee",
        "code": "TN"
      },
      {
        "name": "Texas",
        "code": "TX"
      },
      {
        "name": "Utah",
        "code": "UT"
      },
      {
        "name": "Vermont",
        "code": "VT"
      },
      {
        "name": "Virginia",
        "code": "VA"
      },
      {
        "name": "Washington",
        "code": "WA"
      },
      {
        "name": "West Virginia",
        "code": "WV"
      },
      {
        "name": "Wisconsin",
        "code": "WI"
      },
      {
        "name": "Wyoming",
        "code": "WY"
      },
      {
        "name": "American Samoa",
        "code": "AS"
      },
      {
        "name": "Canal Zone",
        "code": "CZ"
      },
      {
        "name": "Commonwealth of the Northern Mariana Islands",
        "code": "CM"
      },
      {
        "name": "Federated States of Micronesia",
        "code": "FM"
      },
      {
        "name": "Guam",
        "code": "GU"
      },
      {
        "name": "Marshall Islands",
        "code": "MH"
      },
      {
        "name": "Northern Mariana Islands",
        "code": "MP"
      },
      {
        "name": "Palau",
        "code": "PW"
      },
      {
        "name": "Philippine Islands",
        "code": "PI"
      },
      {
        "name": "Puerto Rico",
        "code": "PR"
      },
      {
        "name": "Trust Territory of the Pacific Islands",
        "code": "TT"
      },
      {
        "name": "Virgin Islands",
        "code": "VI"
      },
      {
        "name": "Armed Forces - Americas",
        "code": "AA"
      },
      {
        "name": "Armed Forces - Europe, Canada, Middle East, Africa",
        "code": "AE"
      },
      {
        "name": "Armed Forces - Pacific",
        "code": "AP"
      }
    ]
  },
  {
    "name": "United States Minor Outlying Islands",
    "code": "UM"
  },
  {
    "name": "Uruguay",
    "code": "UY"
  },
  {
    "name": "Uzbekistan",
    "code": "UZ"
  },
  {
    "name": "Vanuatu",
    "code": "VU"
  },
  {
    "name": "Venezuela",
    "code": "VE"
  },
  {
    "name": "Viet Nam",
    "code": "VN"
  },
  {
    "name": "Virgin Islands, British",
    "code": "VG"
  },
  {
    "name": "Virgin Islands, U.S.",
    "code": "VI"
  },
  {
    "name": "Wallis and Futuna",
    "code": "WF"
  },
  {
    "name": "Western Sahara",
    "code": "EH"
  },
  {
    "name": "Yemen",
    "code": "YE"
  },
  {
    "name": "Zambia",
    "code": "ZM"
  },
  {
    "name": "Zimbabwe",
    "code": "ZW"
  }
]
